"","Date","HomeTeam","AwayTeam","FTHG","FTAG","FTR"
"1",2019-08-16,"Ath Bilbao","Barcelona",1,0,"H"
"2",2019-08-17,"Celta","Real Madrid",1,3,"A"
"3",2019-08-17,"Valencia","Sociedad",1,1,"D"
"4",2019-08-17,"Mallorca","Eibar",2,1,"H"
"5",2019-08-17,"Leganes","Osasuna",0,1,"A"
"6",2019-08-17,"Villarreal","Granada",4,4,"D"
"7",2019-08-18,"Alaves","Levante",1,0,"H"
"8",2019-08-18,"Espanol","Sevilla",0,2,"A"
"9",2019-08-18,"Betis","Valladolid",1,2,"A"
"10",2019-08-18,"Ath Madrid","Getafe",1,0,"H"
"11",2019-08-23,"Granada","Sevilla",0,1,"A"
"12",2019-08-23,"Levante","Villarreal",2,1,"H"
"13",2019-08-24,"Osasuna","Eibar",0,0,"D"
"14",2019-08-24,"Real Madrid","Valladolid",1,1,"D"
"15",2019-08-24,"Celta","Valencia",1,0,"H"
"16",2019-08-24,"Getafe","Ath Bilbao",1,1,"D"
"17",2019-08-25,"Alaves","Espanol",0,0,"D"
"18",2019-08-25,"Mallorca","Sociedad",0,1,"A"
"19",2019-08-25,"Leganes","Ath Madrid",0,1,"A"
"20",2019-08-25,"Barcelona","Betis",5,2,"H"
"21",2019-08-30,"Sevilla","Celta",1,1,"D"
"22",2019-08-30,"Ath Bilbao","Sociedad",2,0,"H"
"23",2019-08-31,"Osasuna","Barcelona",2,2,"D"
"24",2019-08-31,"Getafe","Alaves",1,1,"D"
"25",2019-08-31,"Levante","Valladolid",2,0,"H"
"26",2019-08-31,"Betis","Leganes",2,1,"H"
"27",2019-09-01,"Valencia","Mallorca",2,0,"H"
"28",2019-09-01,"Ath Madrid","Eibar",3,2,"H"
"29",2019-09-01,"Espanol","Granada",0,3,"A"
"30",2019-09-01,"Villarreal","Real Madrid",2,2,"D"
"31",2019-09-13,"Mallorca","Ath Bilbao",0,0,"D"
"32",2019-09-14,"Real Madrid","Levante",3,2,"H"
"33",2019-09-14,"Leganes","Villarreal",0,3,"A"
"34",2019-09-14,"Sociedad","Ath Madrid",2,0,"H"
"35",2019-09-14,"Barcelona","Valencia",5,2,"H"
"36",2019-09-15,"Eibar","Espanol",1,2,"A"
"37",2019-09-15,"Alaves","Sevilla",0,1,"A"
"38",2019-09-15,"Celta","Granada",0,2,"A"
"39",2019-09-15,"Valladolid","Osasuna",1,1,"D"
"40",2019-09-15,"Betis","Getafe",1,1,"D"
"41",2019-09-20,"Osasuna","Betis",0,0,"D"
"42",2019-09-21,"Villarreal","Valladolid",2,0,"H"
"43",2019-09-21,"Levante","Eibar",0,0,"D"
"44",2019-09-21,"Ath Madrid","Celta",0,0,"D"
"45",2019-09-21,"Granada","Barcelona",2,0,"H"
"46",2019-09-22,"Getafe","Mallorca",4,2,"H"
"47",2019-09-22,"Espanol","Sociedad",1,3,"A"
"48",2019-09-22,"Valencia","Leganes",1,1,"D"
"49",2019-09-22,"Ath Bilbao","Alaves",2,0,"H"
"50",2019-09-22,"Sevilla","Real Madrid",0,1,"A"
"51",2019-09-24,"Valladolid","Granada",1,1,"D"
"52",2019-09-24,"Betis","Levante",3,1,"H"
"53",2019-09-24,"Barcelona","Villarreal",2,1,"H"
"54",2019-09-25,"Leganes","Ath Bilbao",1,1,"D"
"55",2019-09-25,"Mallorca","Ath Madrid",0,2,"A"
"56",2019-09-25,"Valencia","Getafe",3,3,"D"
"57",2019-09-25,"Real Madrid","Osasuna",2,0,"H"
"58",2019-09-26,"Eibar","Sevilla",3,2,"H"
"59",2019-09-26,"Celta","Espanol",1,1,"D"
"60",2019-09-26,"Sociedad","Alaves",3,0,"H"
"61",2019-09-27,"Villarreal","Betis",5,1,"H"
"62",2019-09-28,"Ath Bilbao","Valencia",0,1,"A"
"63",2019-09-28,"Getafe","Barcelona",0,2,"A"
"64",2019-09-28,"Granada","Leganes",1,0,"H"
"65",2019-09-28,"Ath Madrid","Real Madrid",0,0,"D"
"66",2019-09-29,"Espanol","Valladolid",0,2,"A"
"67",2019-09-29,"Eibar","Celta",2,0,"H"
"68",2019-09-29,"Alaves","Mallorca",2,0,"H"
"69",2019-09-29,"Levante","Osasuna",1,1,"D"
"70",2019-09-29,"Sevilla","Sociedad",3,2,"H"
"71",2019-10-04,"Betis","Eibar",1,1,"D"
"72",2019-10-05,"Leganes","Levante",1,2,"A"
"73",2019-10-05,"Real Madrid","Granada",4,2,"H"
"74",2019-10-05,"Valencia","Alaves",2,1,"H"
"75",2019-10-05,"Osasuna","Villarreal",2,1,"H"
"76",2019-10-06,"Mallorca","Espanol",2,0,"H"
"77",2019-10-06,"Celta","Ath Bilbao",1,0,"H"
"78",2019-10-06,"Valladolid","Ath Madrid",0,0,"D"
"79",2019-10-06,"Sociedad","Getafe",1,2,"A"
"80",2019-10-06,"Barcelona","Sevilla",4,0,"H"
"81",2019-10-18,"Granada","Osasuna",1,0,"H"
"82",2019-10-19,"Eibar","Barcelona",0,3,"A"
"83",2019-10-19,"Ath Madrid","Valencia",1,1,"D"
"84",2019-10-19,"Getafe","Leganes",2,0,"H"
"85",2019-10-19,"Mallorca","Real Madrid",1,0,"H"
"86",2019-10-20,"Alaves","Celta",2,0,"H"
"87",2019-10-20,"Sociedad","Betis",3,1,"H"
"88",2019-10-20,"Espanol","Villarreal",0,1,"A"
"89",2019-10-20,"Ath Bilbao","Valladolid",1,1,"D"
"90",2019-10-20,"Sevilla","Levante",1,0,"H"
"91",2019-10-25,"Villarreal","Alaves",4,1,"H"
"92",2019-10-26,"Leganes","Mallorca",1,0,"H"
"93",2019-10-26,"Valladolid","Eibar",2,0,"H"
"94",2019-10-26,"Ath Madrid","Ath Bilbao",2,0,"H"
"95",2019-10-27,"Celta","Sociedad",0,1,"A"
"96",2019-10-27,"Granada","Betis",1,0,"H"
"97",2019-10-27,"Levante","Espanol",0,1,"A"
"98",2019-10-27,"Sevilla","Getafe",2,0,"H"
"99",2019-10-27,"Osasuna","Valencia",3,1,"H"
"100",2019-10-29,"Alaves","Ath Madrid",1,1,"D"
"101",2019-10-29,"Barcelona","Valladolid",5,1,"H"
"102",2019-10-30,"Sociedad","Levante",1,2,"A"
"103",2019-10-30,"Valencia","Sevilla",1,1,"D"
"104",2019-10-30,"Ath Bilbao","Espanol",3,0,"H"
"105",2019-10-30,"Betis","Celta",2,1,"H"
"106",2019-10-30,"Real Madrid","Leganes",5,0,"H"
"107",2019-10-31,"Eibar","Villarreal",2,1,"H"
"108",2019-10-31,"Mallorca","Osasuna",2,2,"D"
"109",2019-10-31,"Getafe","Granada",3,1,"H"
"110",2019-11-02,"Espanol","Valencia",1,2,"A"
"111",2019-11-02,"Levante","Barcelona",3,1,"H"
"112",2019-11-02,"Sevilla","Ath Madrid",1,1,"D"
"113",2019-11-02,"Real Madrid","Betis",0,0,"D"
"114",2019-11-03,"Valladolid","Mallorca",3,0,"H"
"115",2019-11-03,"Villarreal","Ath Bilbao",0,0,"D"
"116",2019-11-03,"Osasuna","Alaves",4,2,"H"
"117",2019-11-03,"Celta","Getafe",0,1,"A"
"118",2019-11-03,"Leganes","Eibar",1,2,"A"
"119",2019-11-03,"Granada","Sociedad",1,2,"A"
"120",2019-11-08,"Sociedad","Leganes",1,1,"D"
"121",2019-11-09,"Alaves","Valladolid",3,0,"H"
"122",2019-11-09,"Valencia","Granada",2,0,"H"
"123",2019-11-09,"Eibar","Real Madrid",0,4,"A"
"124",2019-11-09,"Barcelona","Celta",4,1,"H"
"125",2019-11-10,"Mallorca","Villarreal",3,1,"H"
"126",2019-11-10,"Ath Bilbao","Levante",2,1,"H"
"127",2019-11-10,"Ath Madrid","Espanol",3,1,"H"
"128",2019-11-10,"Getafe","Osasuna",0,0,"D"
"129",2019-11-10,"Betis","Sevilla",1,2,"A"
"130",2019-11-22,"Levante","Mallorca",2,1,"H"
"131",2019-11-23,"Leganes","Barcelona",1,2,"A"
"132",2019-11-23,"Betis","Valencia",2,1,"H"
"133",2019-11-23,"Granada","Ath Madrid",1,1,"D"
"134",2019-11-23,"Real Madrid","Sociedad",3,1,"H"
"135",2019-11-24,"Espanol","Getafe",1,1,"D"
"136",2019-11-24,"Osasuna","Ath Bilbao",1,2,"A"
"137",2019-11-24,"Eibar","Alaves",0,2,"A"
"138",2019-11-24,"Villarreal","Celta",1,3,"A"
"139",2019-11-24,"Valladolid","Sevilla",0,1,"A"
"140",2019-11-29,"Celta","Valladolid",0,0,"D"
"141",2019-11-30,"Alaves","Real Madrid",1,2,"A"
"142",2019-11-30,"Sociedad","Eibar",4,1,"H"
"143",2019-11-30,"Mallorca","Betis",1,2,"A"
"144",2019-11-30,"Valencia","Villarreal",2,1,"H"
"145",2019-12-01,"Sevilla","Leganes",1,0,"H"
"146",2019-12-01,"Ath Bilbao","Granada",2,0,"H"
"147",2019-12-01,"Espanol","Osasuna",2,4,"A"
"148",2019-12-01,"Getafe","Levante",4,0,"H"
"149",2019-12-01,"Ath Madrid","Barcelona",0,1,"A"
"150",2019-12-06,"Villarreal","Ath Madrid",0,0,"D"
"151",2019-12-07,"Real Madrid","Espanol",2,0,"H"
"152",2019-12-07,"Granada","Alaves",3,0,"H"
"153",2019-12-07,"Levante","Valencia",2,4,"A"
"154",2019-12-07,"Barcelona","Mallorca",5,2,"H"
"155",2019-12-08,"Eibar","Getafe",0,1,"A"
"156",2019-12-08,"Betis","Ath Bilbao",3,2,"H"
"157",2019-12-08,"Valladolid","Sociedad",0,0,"D"
"158",2019-12-08,"Leganes","Celta",3,2,"H"
"159",2019-12-08,"Osasuna","Sevilla",1,1,"D"
"160",2019-12-13,"Alaves","Leganes",1,1,"D"
"161",2019-12-14,"Granada","Levante",1,2,"A"
"162",2019-12-14,"Sociedad","Barcelona",2,2,"D"
"163",2019-12-14,"Ath Bilbao","Eibar",0,0,"D"
"164",2019-12-14,"Ath Madrid","Osasuna",2,0,"H"
"165",2019-12-15,"Getafe","Valladolid",2,0,"H"
"166",2019-12-15,"Celta","Mallorca",2,2,"D"
"167",2019-12-15,"Espanol","Betis",2,2,"D"
"168",2019-12-15,"Sevilla","Villarreal",1,2,"A"
"169",2019-12-15,"Valencia","Real Madrid",1,1,"D"
"170",2019-12-18,"Barcelona","Real Madrid",0,0,"D"
"171",2019-12-20,"Eibar","Granada",3,0,"H"
"172",2019-12-21,"Mallorca","Sevilla",0,2,"A"
"173",2019-12-21,"Barcelona","Alaves",4,1,"H"
"174",2019-12-21,"Villarreal","Getafe",1,0,"H"
"175",2019-12-21,"Valladolid","Valencia",1,1,"D"
"176",2019-12-22,"Leganes","Espanol",2,0,"H"
"177",2019-12-22,"Osasuna","Sociedad",3,4,"A"
"178",2019-12-22,"Betis","Ath Madrid",1,2,"A"
"179",2019-12-22,"Levante","Celta",3,1,"H"
"180",2019-12-22,"Real Madrid","Ath Bilbao",0,0,"D"
"181",2020-01-03,"Valladolid","Leganes",2,2,"D"
"182",2020-01-03,"Sevilla","Ath Bilbao",1,1,"D"
"183",2020-01-04,"Valencia","Eibar",1,0,"H"
"184",2020-01-04,"Getafe","Real Madrid",0,3,"A"
"185",2020-01-04,"Ath Madrid","Levante",2,1,"H"
"186",2020-01-04,"Espanol","Barcelona",2,2,"D"
"187",2020-01-05,"Granada","Mallorca",1,0,"H"
"188",2020-01-05,"Sociedad","Villarreal",1,2,"A"
"189",2020-01-05,"Alaves","Betis",1,1,"D"
"190",2020-01-05,"Celta","Osasuna",1,1,"D"
"191",2020-01-17,"Leganes","Getafe",0,3,"A"
"192",2020-01-18,"Levante","Alaves",0,1,"A"
"193",2020-01-18,"Real Madrid","Sevilla",2,1,"H"
"194",2020-01-18,"Osasuna","Valladolid",0,0,"D"
"195",2020-01-18,"Eibar","Ath Madrid",2,0,"H"
"196",2020-01-19,"Mallorca","Valencia",4,1,"H"
"197",2020-01-19,"Betis","Sociedad",3,0,"H"
"198",2020-01-19,"Villarreal","Espanol",1,2,"A"
"199",2020-01-19,"Ath Bilbao","Celta",1,1,"D"
"200",2020-01-19,"Barcelona","Granada",1,0,"H"
"201",2020-01-24,"Osasuna","Levante",2,0,"H"
"202",2020-01-25,"Espanol","Ath Bilbao",1,1,"D"
"203",2020-01-25,"Valencia","Barcelona",2,0,"H"
"204",2020-01-25,"Alaves","Villarreal",1,2,"A"
"205",2020-01-25,"Sevilla","Granada",2,0,"H"
"206",2020-01-26,"Ath Madrid","Leganes",0,0,"D"
"207",2020-01-26,"Celta","Eibar",0,0,"D"
"208",2020-01-26,"Getafe","Betis",1,0,"H"
"209",2020-01-26,"Sociedad","Mallorca",3,0,"H"
"210",2020-01-26,"Valladolid","Real Madrid",0,1,"A"
"211",2020-02-01,"Granada","Espanol",2,1,"H"
"212",2020-02-01,"Real Madrid","Ath Madrid",1,0,"H"
"213",2020-02-01,"Mallorca","Valladolid",0,1,"A"
"214",2020-02-01,"Valencia","Celta",1,0,"H"
"215",2020-02-02,"Leganes","Sociedad",2,1,"H"
"216",2020-02-02,"Eibar","Betis",1,1,"D"
"217",2020-02-02,"Ath Bilbao","Getafe",0,2,"A"
"218",2020-02-02,"Sevilla","Alaves",1,1,"D"
"219",2020-02-02,"Villarreal","Osasuna",3,1,"H"
"220",2020-02-02,"Barcelona","Levante",2,1,"H"
"221",2020-02-07,"Alaves","Eibar",2,1,"H"
"222",2020-02-08,"Levante","Leganes",2,0,"H"
"223",2020-02-08,"Getafe","Valencia",3,0,"H"
"224",2020-02-08,"Valladolid","Villarreal",1,1,"D"
"225",2020-02-08,"Ath Madrid","Granada",1,0,"H"
"226",2020-02-09,"Espanol","Mallorca",1,0,"H"
"227",2020-02-09,"Sociedad","Ath Bilbao",2,1,"H"
"228",2020-02-09,"Osasuna","Real Madrid",1,4,"A"
"229",2020-02-09,"Celta","Sevilla",2,1,"H"
"230",2020-02-09,"Betis","Barcelona",2,3,"A"
"231",2020-02-14,"Valencia","Ath Madrid",2,2,"D"
"232",2020-02-15,"Mallorca","Alaves",1,0,"H"
"233",2020-02-15,"Barcelona","Getafe",2,1,"H"
"234",2020-02-15,"Villarreal","Levante",2,1,"H"
"235",2020-02-15,"Granada","Valladolid",2,1,"H"
"236",2020-02-16,"Sevilla","Espanol",2,2,"D"
"237",2020-02-16,"Leganes","Betis",0,0,"D"
"238",2020-02-16,"Ath Bilbao","Osasuna",0,1,"A"
"239",2020-02-16,"Real Madrid","Celta",2,2,"D"
"240",2020-02-21,"Betis","Mallorca",3,3,"D"
"241",2020-02-22,"Celta","Leganes",1,0,"H"
"242",2020-02-22,"Barcelona","Eibar",5,0,"H"
"243",2020-02-22,"Sociedad","Valencia",3,0,"H"
"244",2020-02-22,"Levante","Real Madrid",1,0,"H"
"245",2020-02-23,"Osasuna","Granada",0,3,"A"
"246",2020-02-23,"Alaves","Ath Bilbao",2,1,"H"
"247",2020-02-23,"Valladolid","Espanol",2,1,"H"
"248",2020-02-23,"Getafe","Sevilla",0,3,"A"
"249",2020-02-23,"Ath Madrid","Villarreal",3,1,"H"
"250",2020-02-28,"Sociedad","Valladolid",1,0,"H"
"251",2020-02-29,"Eibar","Levante",3,0,"H"
"252",2020-02-29,"Valencia","Betis",2,1,"H"
"253",2020-02-29,"Leganes","Alaves",1,1,"D"
"254",2020-02-29,"Granada","Celta",0,0,"D"
"255",2020-03-01,"Sevilla","Osasuna",3,2,"H"
"256",2020-03-01,"Ath Bilbao","Villarreal",1,0,"H"
"257",2020-03-01,"Espanol","Ath Madrid",1,1,"D"
"258",2020-03-01,"Mallorca","Getafe",0,1,"A"
"259",2020-03-01,"Real Madrid","Barcelona",2,0,"H"
"260",2020-03-06,"Alaves","Valencia",1,1,"D"
"261",2020-03-07,"Eibar","Mallorca",1,2,"A"
"262",2020-03-07,"Ath Madrid","Sevilla",2,2,"D"
"263",2020-03-07,"Barcelona","Sociedad",1,0,"H"
"264",2020-03-07,"Getafe","Celta",0,0,"D"
"265",2020-03-08,"Osasuna","Espanol",1,0,"H"
"266",2020-03-08,"Valladolid","Ath Bilbao",1,4,"A"
"267",2020-03-08,"Levante","Granada",1,1,"D"
"268",2020-03-08,"Villarreal","Leganes",1,2,"A"
"269",2020-03-08,"Betis","Real Madrid",2,1,"H"
"270",2020-03-10,"Eibar","Sociedad",1,2,"A"
"271",2020-06-11,"Sevilla","Betis",2,0,"H"
"272",2020-06-12,"Granada","Getafe",2,1,"H"
"273",2020-06-12,"Valencia","Levante",1,1,"D"
"274",2020-06-13,"Espanol","Alaves",2,0,"H"
"275",2020-06-13,"Celta","Villarreal",0,1,"A"
"276",2020-06-13,"Leganes","Valladolid",1,2,"A"
"277",2020-06-13,"Mallorca","Barcelona",0,4,"A"
"278",2020-06-14,"Ath Bilbao","Ath Madrid",1,1,"D"
"279",2020-06-14,"Real Madrid","Eibar",3,1,"H"
"280",2020-06-14,"Sociedad","Osasuna",1,1,"D"
"281",2020-06-15,"Levante","Sevilla",1,1,"D"
"282",2020-06-15,"Betis","Granada",2,2,"D"
"283",2020-06-16,"Getafe","Espanol",0,0,"D"
"284",2020-06-16,"Villarreal","Mallorca",1,0,"H"
"285",2020-06-16,"Barcelona","Leganes",2,0,"H"
"286",2020-06-17,"Eibar","Ath Bilbao",2,2,"D"
"287",2020-06-17,"Valladolid","Celta",0,0,"D"
"288",2020-06-17,"Osasuna","Ath Madrid",0,5,"A"
"289",2020-06-18,"Alaves","Sociedad",2,0,"H"
"290",2020-06-18,"Real Madrid","Valencia",3,0,"H"
"291",2020-06-19,"Granada","Villarreal",0,1,"A"
"292",2020-06-19,"Mallorca","Leganes",1,1,"D"
"293",2020-06-19,"Sevilla","Barcelona",0,0,"D"
"294",2020-06-20,"Espanol","Levante",1,3,"A"
"295",2020-06-20,"Ath Bilbao","Betis",1,0,"H"
"296",2020-06-20,"Getafe","Eibar",1,1,"D"
"297",2020-06-20,"Ath Madrid","Valladolid",1,0,"H"
"298",2020-06-21,"Celta","Alaves",6,0,"H"
"299",2020-06-21,"Valencia","Osasuna",2,0,"H"
"300",2020-06-21,"Sociedad","Real Madrid",1,2,"A"
"301",2020-06-22,"Villarreal","Sevilla",2,2,"D"
"302",2020-06-22,"Leganes","Granada",0,0,"D"
"303",2020-06-23,"Levante","Ath Madrid",0,1,"A"
"304",2020-06-23,"Valladolid","Getafe",1,1,"D"
"305",2020-06-23,"Barcelona","Ath Bilbao",1,0,"H"
"306",2020-06-24,"Alaves","Osasuna",0,1,"A"
"307",2020-06-24,"Sociedad","Celta",0,1,"A"
"308",2020-06-24,"Real Madrid","Mallorca",2,0,"H"
"309",2020-06-25,"Eibar","Valencia",1,0,"H"
"310",2020-06-25,"Betis","Espanol",1,0,"H"
"311",2020-06-26,"Sevilla","Valladolid",1,1,"D"
"312",2020-06-27,"Ath Bilbao","Mallorca",3,1,"H"
"313",2020-06-27,"Celta","Barcelona",2,2,"D"
"314",2020-06-27,"Osasuna","Leganes",2,1,"H"
"315",2020-06-27,"Ath Madrid","Alaves",2,1,"H"
"316",2020-06-28,"Levante","Betis",4,2,"H"
"317",2020-06-28,"Villarreal","Valencia",2,0,"H"
"318",2020-06-28,"Granada","Eibar",1,2,"A"
"319",2020-06-28,"Espanol","Real Madrid",0,1,"A"
"320",2020-06-29,"Getafe","Sociedad",2,1,"H"
"321",2020-06-30,"Mallorca","Celta",5,1,"H"
"322",2020-06-30,"Leganes","Sevilla",0,3,"A"
"323",2020-06-30,"Barcelona","Ath Madrid",2,2,"D"
"324",2020-07-01,"Alaves","Granada",0,2,"A"
"325",2020-07-01,"Valencia","Ath Bilbao",0,2,"A"
"326",2020-07-01,"Betis","Villarreal",0,2,"A"
"327",2020-07-01,"Valladolid","Levante",0,0,"D"
"328",2020-07-02,"Eibar","Osasuna",0,2,"A"
"329",2020-07-02,"Sociedad","Espanol",2,1,"H"
"330",2020-07-02,"Real Madrid","Getafe",1,0,"H"
"331",2020-07-03,"Ath Madrid","Mallorca",3,0,"H"
"332",2020-07-04,"Celta","Betis",1,1,"D"
"333",2020-07-04,"Valladolid","Alaves",1,0,"H"
"334",2020-07-04,"Granada","Valencia",2,2,"D"
"335",2020-07-05,"Ath Bilbao","Real Madrid",0,1,"A"
"336",2020-07-05,"Espanol","Leganes",0,1,"A"
"337",2020-07-05,"Osasuna","Getafe",0,0,"D"
"338",2020-07-05,"Villarreal","Barcelona",1,4,"A"
"339",2020-07-06,"Levante","Sociedad",1,1,"D"
"340",2020-07-06,"Sevilla","Eibar",1,0,"H"
"341",2020-07-07,"Valencia","Valladolid",2,1,"H"
"342",2020-07-07,"Celta","Ath Madrid",1,1,"D"
"343",2020-07-08,"Betis","Osasuna",3,0,"H"
"344",2020-07-08,"Getafe","Villarreal",1,3,"A"
"345",2020-07-08,"Barcelona","Espanol",1,0,"H"
"346",2020-07-09,"Eibar","Leganes",0,0,"D"
"347",2020-07-09,"Mallorca","Levante",2,0,"H"
"348",2020-07-09,"Ath Bilbao","Sevilla",1,2,"A"
"349",2020-07-10,"Sociedad","Granada",2,3,"A"
"350",2020-07-10,"Real Madrid","Alaves",2,0,"H"
"351",2020-07-11,"Osasuna","Celta",2,1,"H"
"352",2020-07-11,"Valladolid","Barcelona",0,1,"A"
"353",2020-07-11,"Ath Madrid","Betis",1,0,"H"
"354",2020-07-12,"Espanol","Eibar",0,2,"A"
"355",2020-07-12,"Levante","Ath Bilbao",1,2,"A"
"356",2020-07-12,"Leganes","Valencia",1,0,"H"
"357",2020-07-12,"Sevilla","Mallorca",2,0,"H"
"358",2020-07-13,"Alaves","Getafe",0,0,"D"
"359",2020-07-13,"Villarreal","Sociedad",1,2,"A"
"360",2020-07-13,"Granada","Real Madrid",1,2,"A"
"361",2020-07-16,"Eibar","Valladolid",3,1,"H"
"362",2020-07-16,"Ath Bilbao","Leganes",0,2,"A"
"363",2020-07-16,"Barcelona","Osasuna",1,2,"A"
"364",2020-07-16,"Betis","Alaves",1,2,"A"
"365",2020-07-16,"Celta","Levante",2,3,"A"
"366",2020-07-16,"Getafe","Ath Madrid",0,2,"A"
"367",2020-07-16,"Mallorca","Granada",1,2,"A"
"368",2020-07-16,"Real Madrid","Villarreal",2,1,"H"
"369",2020-07-16,"Sociedad","Sevilla",0,0,"D"
"370",2020-07-16,"Valencia","Espanol",1,0,"H"
"371",2020-07-19,"Alaves","Barcelona",0,5,"A"
"372",2020-07-19,"Valladolid","Betis",2,0,"H"
"373",2020-07-19,"Villarreal","Eibar",4,0,"H"
"374",2020-07-19,"Ath Madrid","Sociedad",1,1,"D"
"375",2020-07-19,"Espanol","Celta",0,0,"D"
"376",2020-07-19,"Granada","Ath Bilbao",4,0,"H"
"377",2020-07-19,"Leganes","Real Madrid",2,2,"D"
"378",2020-07-19,"Levante","Getafe",1,0,"H"
"379",2020-07-19,"Osasuna","Mallorca",2,2,"D"
"380",2020-07-19,"Sevilla","Valencia",1,0,"H"
"381",2020-09-12,"Eibar","Celta",0,0,"D"
"382",2020-09-12,"Granada","Ath Bilbao",2,0,"H"
"383",2020-09-12,"Cadiz","Osasuna",0,2,"A"
"384",2020-09-13,"Alaves","Betis",0,1,"A"
"385",2020-09-13,"Valladolid","Sociedad",1,1,"D"
"386",2020-09-13,"Villarreal","Huesca",1,1,"D"
"387",2020-09-13,"Valencia","Levante",4,2,"H"
"388",2020-09-19,"Villarreal","Eibar",2,1,"H"
"389",2020-09-19,"Getafe","Osasuna",1,0,"H"
"390",2020-09-19,"Celta","Valencia",2,1,"H"
"391",2020-09-20,"Huesca","Cadiz",0,2,"A"
"392",2020-09-20,"Betis","Valladolid",2,0,"H"
"393",2020-09-20,"Granada","Alaves",2,1,"H"
"394",2020-09-20,"Sociedad","Real Madrid",0,0,"D"
"395",2020-09-26,"Alaves","Getafe",0,0,"D"
"396",2020-09-26,"Valencia","Huesca",1,1,"D"
"397",2020-09-26,"Elche","Sociedad",0,3,"A"
"398",2020-09-26,"Betis","Real Madrid",2,3,"A"
"399",2020-09-27,"Osasuna","Levante",1,3,"A"
"400",2020-09-27,"Eibar","Ath Bilbao",1,2,"A"
"401",2020-09-27,"Ath Madrid","Granada",6,1,"H"
"402",2020-09-27,"Cadiz","Sevilla",1,3,"A"
"403",2020-09-27,"Valladolid","Celta",1,1,"D"
"404",2020-09-27,"Barcelona","Villarreal",4,0,"H"
"405",2020-09-29,"Sociedad","Valencia",0,1,"A"
"406",2020-09-29,"Getafe","Betis",3,0,"H"
"407",2020-09-30,"Huesca","Ath Madrid",0,0,"D"
"408",2020-09-30,"Villarreal","Alaves",3,1,"H"
"409",2020-09-30,"Eibar","Elche",0,1,"A"
"410",2020-09-30,"Real Madrid","Valladolid",1,0,"H"
"411",2020-10-01,"Ath Bilbao","Cadiz",0,1,"A"
"412",2020-10-01,"Sevilla","Levante",1,0,"H"
"413",2020-10-01,"Celta","Barcelona",0,3,"A"
"414",2020-10-03,"Valladolid","Eibar",1,2,"A"
"415",2020-10-03,"Ath Madrid","Villarreal",0,0,"D"
"416",2020-10-03,"Elche","Huesca",0,0,"D"
"417",2020-10-03,"Sociedad","Getafe",3,0,"H"
"418",2020-10-03,"Valencia","Betis",0,2,"A"
"419",2020-10-04,"Osasuna","Celta",2,0,"H"
"420",2020-10-04,"Alaves","Ath Bilbao",1,0,"H"
"421",2020-10-04,"Levante","Real Madrid",0,2,"A"
"422",2020-10-04,"Cadiz","Granada",1,1,"D"
"423",2020-10-04,"Barcelona","Sevilla",1,1,"D"
"424",2020-10-17,"Granada","Sevilla",1,0,"H"
"425",2020-10-17,"Celta","Ath Madrid",0,2,"A"
"426",2020-10-17,"Real Madrid","Cadiz",0,1,"A"
"427",2020-10-17,"Getafe","Barcelona",1,0,"H"
"428",2020-10-18,"Eibar","Osasuna",0,0,"D"
"429",2020-10-18,"Ath Bilbao","Levante",2,0,"H"
"430",2020-10-18,"Villarreal","Valencia",2,1,"H"
"431",2020-10-18,"Alaves","Elche",0,2,"A"
"432",2020-10-18,"Huesca","Valladolid",2,2,"D"
"433",2020-10-18,"Betis","Sociedad",0,3,"A"
"434",2020-10-23,"Elche","Valencia",2,1,"H"
"435",2020-10-24,"Barcelona","Real Madrid",1,3,"A"
"436",2020-10-24,"Osasuna","Ath Bilbao",1,0,"H"
"437",2020-10-24,"Sevilla","Eibar",0,1,"A"
"438",2020-10-24,"Ath Madrid","Betis",2,0,"H"
"439",2020-10-25,"Valladolid","Alaves",0,2,"A"
"440",2020-10-25,"Cadiz","Villarreal",0,0,"D"
"441",2020-10-25,"Getafe","Granada",0,1,"A"
"442",2020-10-25,"Sociedad","Huesca",4,1,"H"
"443",2020-10-26,"Levante","Celta",1,1,"D"
"444",2020-10-30,"Eibar","Cadiz",0,2,"A"
"445",2020-10-31,"Real Madrid","Huesca",4,1,"H"
"446",2020-10-31,"Ath Bilbao","Sevilla",2,1,"H"
"447",2020-10-31,"Osasuna","Ath Madrid",1,3,"A"
"448",2020-10-31,"Alaves","Barcelona",1,1,"D"
"449",2020-11-01,"Betis","Elche",3,1,"H"
"450",2020-11-01,"Celta","Sociedad",1,4,"A"
"451",2020-11-01,"Granada","Levante",1,1,"D"
"452",2020-11-01,"Valencia","Getafe",2,2,"D"
"453",2020-11-02,"Villarreal","Valladolid",2,0,"H"
"454",2020-11-06,"Elche","Celta",1,1,"D"
"455",2020-11-07,"Huesca","Eibar",1,1,"D"
"456",2020-11-07,"Barcelona","Betis",5,2,"H"
"457",2020-11-07,"Sevilla","Osasuna",1,0,"H"
"458",2020-11-07,"Ath Madrid","Cadiz",4,0,"H"
"459",2020-11-08,"Getafe","Villarreal",1,3,"A"
"460",2020-11-08,"Sociedad","Granada",2,0,"H"
"461",2020-11-08,"Levante","Alaves",1,1,"D"
"462",2020-11-08,"Valladolid","Ath Bilbao",2,1,"H"
"463",2020-11-08,"Valencia","Real Madrid",4,1,"H"
"464",2020-11-20,"Osasuna","Huesca",1,1,"D"
"465",2020-11-21,"Levante","Elche",1,1,"D"
"466",2020-11-21,"Villarreal","Real Madrid",1,1,"D"
"467",2020-11-21,"Sevilla","Celta",4,2,"H"
"468",2020-11-21,"Ath Madrid","Barcelona",1,0,"H"
"469",2020-11-22,"Eibar","Getafe",0,0,"D"
"470",2020-11-22,"Cadiz","Sociedad",0,1,"A"
"471",2020-11-22,"Granada","Valladolid",1,3,"A"
"472",2020-11-22,"Alaves","Valencia",2,2,"D"
"473",2020-11-23,"Ath Bilbao","Betis",4,0,"H"
"474",2020-11-27,"Valladolid","Levante",1,1,"D"
"475",2020-11-28,"Elche","Cadiz",1,1,"D"
"476",2020-11-28,"Valencia","Ath Madrid",0,1,"A"
"477",2020-11-28,"Huesca","Sevilla",0,1,"A"
"478",2020-11-28,"Real Madrid","Alaves",1,2,"A"
"479",2020-11-29,"Barcelona","Osasuna",4,0,"H"
"480",2020-11-29,"Getafe","Ath Bilbao",1,1,"D"
"481",2020-11-29,"Celta","Granada",3,1,"H"
"482",2020-11-29,"Sociedad","Villarreal",1,1,"D"
"483",2020-11-30,"Betis","Eibar",0,2,"A"
"484",2020-12-04,"Ath Bilbao","Celta",0,2,"A"
"485",2020-12-05,"Levante","Getafe",3,0,"H"
"486",2020-12-05,"Sevilla","Real Madrid",0,1,"A"
"487",2020-12-05,"Ath Madrid","Valladolid",2,0,"H"
"488",2020-12-05,"Cadiz","Barcelona",2,1,"H"
"489",2020-12-06,"Granada","Huesca",3,3,"D"
"490",2020-12-06,"Osasuna","Betis",0,2,"A"
"491",2020-12-06,"Villarreal","Elche",0,0,"D"
"492",2020-12-06,"Alaves","Sociedad",0,0,"D"
"493",2020-12-07,"Eibar","Valencia",0,0,"D"
"494",2020-12-11,"Valladolid","Osasuna",3,2,"H"
"495",2020-12-12,"Valencia","Ath Bilbao",2,2,"D"
"496",2020-12-12,"Getafe","Sevilla",0,1,"A"
"497",2020-12-12,"Huesca","Alaves",1,0,"H"
"498",2020-12-12,"Real Madrid","Ath Madrid",2,0,"H"
"499",2020-12-13,"Sociedad","Eibar",1,1,"D"
"500",2020-12-13,"Betis","Villarreal",1,1,"D"
"501",2020-12-13,"Elche","Granada",0,1,"A"
"502",2020-12-13,"Barcelona","Levante",1,0,"H"
"503",2020-12-14,"Celta","Cadiz",4,0,"H"
"504",2020-12-15,"Real Madrid","Ath Bilbao",3,1,"H"
"505",2020-12-16,"Barcelona","Sociedad",2,1,"H"
"506",2020-12-18,"Ath Bilbao","Huesca",2,0,"H"
"507",2020-12-19,"Ath Madrid","Elche",3,1,"H"
"508",2020-12-19,"Barcelona","Valencia",2,2,"D"
"509",2020-12-19,"Levante","Sociedad",2,1,"H"
"510",2020-12-19,"Osasuna","Villarreal",1,3,"A"
"511",2020-12-19,"Sevilla","Valladolid",1,1,"D"
"512",2020-12-20,"Celta","Alaves",2,0,"H"
"513",2020-12-20,"Granada","Betis",2,0,"H"
"514",2020-12-20,"Cadiz","Getafe",0,2,"A"
"515",2020-12-20,"Eibar","Real Madrid",1,3,"A"
"516",2020-12-22,"Elche","Osasuna",2,2,"D"
"517",2020-12-22,"Valencia","Sevilla",0,1,"A"
"518",2020-12-22,"Huesca","Levante",1,1,"D"
"519",2020-12-22,"Sociedad","Ath Madrid",0,2,"A"
"520",2020-12-22,"Valladolid","Barcelona",0,3,"A"
"521",2020-12-22,"Villarreal","Ath Bilbao",1,1,"D"
"522",2020-12-23,"Getafe","Celta",1,1,"D"
"523",2020-12-23,"Real Madrid","Granada",2,0,"H"
"524",2020-12-23,"Alaves","Eibar",2,1,"H"
"525",2020-12-23,"Betis","Cadiz",1,0,"H"
"526",2020-12-29,"Sevilla","Villarreal",2,0,"H"
"527",2020-12-29,"Barcelona","Eibar",1,1,"D"
"528",2020-12-29,"Cadiz","Valladolid",0,0,"D"
"529",2020-12-29,"Levante","Betis",4,3,"H"
"530",2020-12-30,"Granada","Valencia",2,1,"H"
"531",2020-12-30,"Ath Madrid","Getafe",1,0,"H"
"532",2020-12-30,"Celta","Huesca",2,1,"H"
"533",2020-12-30,"Elche","Real Madrid",1,1,"D"
"534",2020-12-31,"Ath Bilbao","Sociedad",0,1,"A"
"535",2020-12-31,"Osasuna","Alaves",1,1,"D"
"536",2021-01-02,"Villarreal","Levante",2,1,"H"
"537",2021-01-02,"Betis","Sevilla",1,1,"D"
"538",2021-01-02,"Getafe","Valladolid",0,1,"A"
"539",2021-01-02,"Real Madrid","Celta",2,0,"H"
"540",2021-01-03,"Ath Bilbao","Elche",1,0,"H"
"541",2021-01-03,"Alaves","Ath Madrid",1,2,"A"
"542",2021-01-03,"Eibar","Granada",2,0,"H"
"543",2021-01-03,"Sociedad","Osasuna",1,1,"D"
"544",2021-01-03,"Huesca","Barcelona",0,1,"A"
"545",2021-01-04,"Valencia","Cadiz",1,1,"D"
"546",2021-01-06,"Ath Bilbao","Barcelona",2,3,"A"
"547",2021-01-08,"Celta","Villarreal",0,4,"A"
"548",2021-01-09,"Sevilla","Sociedad",3,2,"H"
"549",2021-01-09,"Granada","Barcelona",0,4,"A"
"550",2021-01-09,"Osasuna","Real Madrid",0,0,"D"
"551",2021-01-10,"Levante","Eibar",2,1,"H"
"552",2021-01-10,"Cadiz","Alaves",3,1,"H"
"553",2021-01-10,"Valladolid","Valencia",0,1,"A"
"554",2021-01-11,"Elche","Getafe",1,3,"A"
"555",2021-01-11,"Huesca","Betis",0,2,"A"
"556",2021-01-12,"Granada","Osasuna",2,0,"H"
"557",2021-01-12,"Ath Madrid","Sevilla",2,0,"H"
"558",2021-01-19,"Cadiz","Levante",2,2,"D"
"559",2021-01-19,"Valladolid","Elche",2,2,"D"
"560",2021-01-19,"Alaves","Sevilla",1,2,"A"
"561",2021-01-20,"Getafe","Huesca",1,0,"H"
"562",2021-01-20,"Betis","Celta",2,1,"H"
"563",2021-01-20,"Villarreal","Granada",2,2,"D"
"564",2021-01-21,"Valencia","Osasuna",1,1,"D"
"565",2021-01-21,"Eibar","Ath Madrid",1,2,"A"
"566",2021-01-22,"Levante","Valladolid",2,2,"D"
"567",2021-01-23,"Huesca","Villarreal",0,0,"D"
"568",2021-01-23,"Sevilla","Cadiz",3,0,"H"
"569",2021-01-23,"Sociedad","Betis",2,2,"D"
"570",2021-01-23,"Alaves","Real Madrid",1,4,"A"
"571",2021-01-24,"Osasuna","Granada",3,1,"H"
"572",2021-01-24,"Elche","Barcelona",0,2,"A"
"573",2021-01-24,"Celta","Eibar",1,1,"D"
"574",2021-01-24,"Ath Madrid","Valencia",3,1,"H"
"575",2021-01-25,"Ath Bilbao","Getafe",5,1,"H"
"576",2021-01-29,"Valladolid","Huesca",1,3,"A"
"577",2021-01-30,"Eibar","Sevilla",0,2,"A"
"578",2021-01-30,"Real Madrid","Levante",1,2,"A"
"579",2021-01-30,"Valencia","Elche",1,0,"H"
"580",2021-01-30,"Villarreal","Sociedad",1,1,"D"
"581",2021-01-31,"Getafe","Alaves",0,0,"D"
"582",2021-01-31,"Cadiz","Ath Madrid",2,4,"A"
"583",2021-01-31,"Granada","Celta",0,0,"D"
"584",2021-01-31,"Barcelona","Ath Bilbao",2,1,"H"
"585",2021-02-01,"Betis","Osasuna",1,0,"H"
"586",2021-02-05,"Alaves","Valladolid",1,0,"H"
"587",2021-02-06,"Levante","Granada",2,2,"D"
"588",2021-02-06,"Huesca","Real Madrid",1,2,"A"
"589",2021-02-06,"Elche","Villarreal",2,2,"D"
"590",2021-02-06,"Sevilla","Getafe",3,0,"H"
"591",2021-02-07,"Sociedad","Cadiz",4,1,"H"
"592",2021-02-07,"Ath Bilbao","Valencia",1,1,"D"
"593",2021-02-07,"Osasuna","Eibar",2,1,"H"
"594",2021-02-07,"Betis","Barcelona",2,3,"A"
"595",2021-02-08,"Ath Madrid","Celta",2,2,"D"
"596",2021-02-09,"Real Madrid","Getafe",2,0,"H"
"597",2021-02-12,"Celta","Elche",3,1,"H"
"598",2021-02-13,"Granada","Ath Madrid",1,2,"A"
"599",2021-02-13,"Sevilla","Huesca",1,0,"H"
"600",2021-02-13,"Eibar","Valladolid",1,1,"D"
"601",2021-02-13,"Barcelona","Alaves",5,1,"H"
"602",2021-02-14,"Getafe","Sociedad",0,1,"A"
"603",2021-02-14,"Real Madrid","Valencia",2,0,"H"
"604",2021-02-14,"Levante","Osasuna",0,1,"A"
"605",2021-02-14,"Villarreal","Betis",1,2,"A"
"606",2021-02-15,"Cadiz","Ath Bilbao",0,4,"A"
"607",2021-02-17,"Levante","Ath Madrid",1,1,"D"
"608",2021-02-19,"Betis","Getafe",1,0,"H"
"609",2021-02-20,"Elche","Eibar",1,0,"H"
"610",2021-02-20,"Ath Madrid","Levante",0,2,"A"
"611",2021-02-20,"Valencia","Celta",2,0,"H"
"612",2021-02-20,"Valladolid","Real Madrid",0,1,"A"
"613",2021-02-21,"Barcelona","Cadiz",1,1,"D"
"614",2021-02-21,"Sociedad","Alaves",4,0,"H"
"615",2021-02-21,"Huesca","Granada",3,2,"H"
"616",2021-02-21,"Ath Bilbao","Villarreal",1,1,"D"
"617",2021-02-22,"Osasuna","Sevilla",0,2,"A"
"618",2021-02-24,"Barcelona","Elche",3,0,"H"
"619",2021-02-26,"Levante","Ath Bilbao",1,1,"D"
"620",2021-02-27,"Eibar","Huesca",1,1,"D"
"621",2021-02-27,"Sevilla","Barcelona",0,2,"A"
"622",2021-02-27,"Alaves","Osasuna",0,1,"A"
"623",2021-02-27,"Getafe","Valencia",3,0,"H"
"624",2021-02-28,"Celta","Valladolid",1,1,"D"
"625",2021-02-28,"Cadiz","Betis",0,1,"A"
"626",2021-02-28,"Granada","Elche",2,1,"H"
"627",2021-02-28,"Villarreal","Ath Madrid",0,2,"A"
"628",2021-03-01,"Real Madrid","Sociedad",1,1,"D"
"629",2021-03-05,"Valencia","Villarreal",2,1,"H"
"630",2021-03-06,"Valladolid","Getafe",2,1,"H"
"631",2021-03-06,"Elche","Sevilla",2,1,"H"
"632",2021-03-06,"Cadiz","Eibar",1,0,"H"
"633",2021-03-06,"Osasuna","Barcelona",0,2,"A"
"634",2021-03-07,"Huesca","Celta",3,4,"A"
"635",2021-03-07,"Ath Madrid","Real Madrid",1,1,"D"
"636",2021-03-07,"Sociedad","Levante",1,0,"H"
"637",2021-03-07,"Ath Bilbao","Granada",2,1,"H"
"638",2021-03-08,"Betis","Alaves",3,2,"H"
"639",2021-03-10,"Ath Madrid","Ath Bilbao",2,1,"H"
"640",2021-03-12,"Levante","Valencia",1,0,"H"
"641",2021-03-13,"Alaves","Cadiz",1,1,"D"
"642",2021-03-13,"Real Madrid","Elche",2,1,"H"
"643",2021-03-13,"Osasuna","Valladolid",0,0,"D"
"644",2021-03-13,"Getafe","Ath Madrid",0,0,"D"
"645",2021-03-14,"Celta","Ath Bilbao",0,0,"D"
"646",2021-03-14,"Granada","Sociedad",1,0,"H"
"647",2021-03-14,"Eibar","Villarreal",1,3,"A"
"648",2021-03-14,"Sevilla","Betis",1,0,"H"
"649",2021-03-15,"Barcelona","Huesca",4,1,"H"
"650",2021-03-17,"Sevilla","Elche",2,0,"H"
"651",2021-03-19,"Betis","Levante",2,0,"H"
"652",2021-03-20,"Ath Bilbao","Eibar",1,1,"D"
"653",2021-03-20,"Celta","Real Madrid",1,3,"A"
"654",2021-03-20,"Huesca","Osasuna",0,0,"D"
"655",2021-03-20,"Valladolid","Sevilla",1,1,"D"
"656",2021-03-21,"Getafe","Elche",1,1,"D"
"657",2021-03-21,"Valencia","Granada",2,1,"H"
"658",2021-03-21,"Villarreal","Cadiz",2,1,"H"
"659",2021-03-21,"Ath Madrid","Alaves",1,0,"H"
"660",2021-03-21,"Sociedad","Barcelona",1,6,"A"
"661",2021-04-02,"Levante","Huesca",0,2,"A"
"662",2021-04-03,"Granada","Villarreal",0,3,"A"
"663",2021-04-03,"Real Madrid","Eibar",2,0,"H"
"664",2021-04-03,"Osasuna","Getafe",0,0,"D"
"665",2021-04-04,"Alaves","Celta",1,3,"A"
"666",2021-04-04,"Elche","Betis",1,1,"D"
"667",2021-04-04,"Cadiz","Valencia",2,1,"H"
"668",2021-04-04,"Sevilla","Ath Madrid",1,0,"H"
"669",2021-04-05,"Barcelona","Valladolid",1,0,"H"
"670",2021-04-07,"Sociedad","Ath Bilbao",1,1,"D"
"671",2021-04-09,"Huesca","Elche",3,1,"H"
"672",2021-04-10,"Getafe","Cadiz",0,1,"A"
"673",2021-04-10,"Ath Bilbao","Alaves",0,0,"D"
"674",2021-04-10,"Eibar","Levante",0,1,"A"
"675",2021-04-10,"Real Madrid","Barcelona",2,1,"H"
"676",2021-04-11,"Villarreal","Osasuna",1,2,"A"
"677",2021-04-11,"Valencia","Sociedad",2,2,"D"
"678",2021-04-11,"Valladolid","Granada",1,2,"A"
"679",2021-04-11,"Betis","Ath Madrid",1,1,"D"
"680",2021-04-12,"Celta","Sevilla",3,4,"A"
"681",2021-04-18,"Osasuna","Elche",2,0,"H"
"682",2021-04-18,"Sociedad","Sevilla",1,2,"A"
"683",2021-04-18,"Alaves","Huesca",1,0,"H"
"684",2021-04-18,"Ath Madrid","Eibar",5,0,"H"
"685",2021-04-18,"Betis","Valencia",2,2,"D"
"686",2021-04-18,"Cadiz","Celta",0,0,"D"
"687",2021-04-18,"Getafe","Real Madrid",0,0,"D"
"688",2021-04-18,"Levante","Villarreal",1,5,"A"
"689",2021-04-21,"Levante","Sevilla",0,1,"A"
"690",2021-04-21,"Osasuna","Valencia",3,1,"H"
"691",2021-04-21,"Betis","Ath Bilbao",0,0,"D"
"692",2021-04-21,"Alaves","Villarreal",2,1,"H"
"693",2021-04-21,"Elche","Valladolid",1,1,"D"
"694",2021-04-21,"Cadiz","Real Madrid",0,3,"A"
"695",2021-04-22,"Ath Madrid","Huesca",2,0,"H"
"696",2021-04-22,"Granada","Eibar",4,1,"H"
"697",2021-04-22,"Sociedad","Celta",2,1,"H"
"698",2021-04-22,"Barcelona","Getafe",5,2,"H"
"699",2021-04-24,"Elche","Levante",1,0,"H"
"700",2021-04-24,"Valladolid","Cadiz",1,1,"D"
"701",2021-04-24,"Valencia","Alaves",1,1,"D"
"702",2021-04-24,"Real Madrid","Betis",0,0,"D"
"703",2021-04-25,"Huesca","Getafe",0,2,"A"
"704",2021-04-25,"Villarreal","Barcelona",1,2,"A"
"705",2021-04-25,"Celta","Osasuna",2,1,"H"
"706",2021-04-25,"Sevilla","Granada",2,1,"H"
"707",2021-04-25,"Ath Bilbao","Ath Madrid",2,1,"H"
"708",2021-04-26,"Eibar","Sociedad",0,1,"A"
"709",2021-04-28,"Ath Bilbao","Valladolid",2,2,"D"
"710",2021-04-29,"Barcelona","Granada",1,2,"A"
"711",2021-04-30,"Celta","Levante",2,0,"H"
"712",2021-05-01,"Eibar","Alaves",3,0,"H"
"713",2021-05-01,"Elche","Ath Madrid",0,1,"A"
"714",2021-05-01,"Huesca","Sociedad",1,0,"H"
"715",2021-05-01,"Real Madrid","Osasuna",2,0,"H"
"716",2021-05-02,"Valladolid","Betis",1,1,"D"
"717",2021-05-02,"Villarreal","Getafe",1,0,"H"
"718",2021-05-02,"Granada","Cadiz",0,1,"A"
"719",2021-05-02,"Valencia","Barcelona",2,3,"A"
"720",2021-05-03,"Sevilla","Ath Bilbao",0,1,"A"
"721",2021-05-07,"Sociedad","Elche",2,0,"H"
"722",2021-05-08,"Alaves","Levante",2,2,"D"
"723",2021-05-08,"Barcelona","Ath Madrid",0,0,"D"
"724",2021-05-08,"Cadiz","Huesca",2,1,"H"
"725",2021-05-08,"Ath Bilbao","Osasuna",2,2,"D"
"726",2021-05-09,"Getafe","Eibar",0,1,"A"
"727",2021-05-09,"Valencia","Valladolid",3,0,"H"
"728",2021-05-09,"Villarreal","Celta",2,4,"A"
"729",2021-05-09,"Real Madrid","Sevilla",2,2,"D"
"730",2021-05-10,"Betis","Granada",2,1,"H"
"731",2021-05-11,"Osasuna","Cadiz",3,2,"H"
"732",2021-05-11,"Elche","Alaves",0,2,"A"
"733",2021-05-11,"Levante","Barcelona",3,3,"D"
"734",2021-05-12,"Sevilla","Valencia",1,0,"H"
"735",2021-05-12,"Celta","Getafe",1,0,"H"
"736",2021-05-12,"Huesca","Ath Bilbao",1,0,"H"
"737",2021-05-12,"Ath Madrid","Sociedad",2,1,"H"
"738",2021-05-13,"Valladolid","Villarreal",0,2,"A"
"739",2021-05-13,"Eibar","Betis",1,1,"D"
"740",2021-05-13,"Granada","Real Madrid",1,4,"A"
"741",2021-05-16,"Alaves","Granada",4,2,"H"
"742",2021-05-16,"Ath Bilbao","Real Madrid",0,1,"A"
"743",2021-05-16,"Ath Madrid","Osasuna",2,1,"H"
"744",2021-05-16,"Barcelona","Celta",1,2,"A"
"745",2021-05-16,"Betis","Huesca",1,0,"H"
"746",2021-05-16,"Cadiz","Elche",1,3,"A"
"747",2021-05-16,"Getafe","Levante",2,1,"H"
"748",2021-05-16,"Sociedad","Valladolid",4,1,"H"
"749",2021-05-16,"Valencia","Eibar",4,1,"H"
"750",2021-05-16,"Villarreal","Sevilla",4,0,"H"
"751",2021-05-21,"Levante","Cadiz",2,2,"D"
"752",2021-05-22,"Celta","Betis",2,3,"A"
"753",2021-05-22,"Eibar","Barcelona",0,1,"A"
"754",2021-05-22,"Elche","Ath Bilbao",2,0,"H"
"755",2021-05-22,"Huesca","Valencia",0,0,"D"
"756",2021-05-22,"Osasuna","Sociedad",0,1,"A"
"757",2021-05-22,"Real Madrid","Villarreal",2,1,"H"
"758",2021-05-22,"Valladolid","Ath Madrid",1,2,"A"
"759",2021-05-23,"Granada","Getafe",0,0,"D"
"760",2021-05-23,"Sevilla","Alaves",1,0,"H"
"761",2021-08-13,"Valencia","Getafe",1,0,"H"
"762",2021-08-14,"Cadiz","Levante",1,1,"D"
"763",2021-08-14,"Mallorca","Betis",1,1,"D"
"764",2021-08-14,"Alaves","Real Madrid",1,4,"A"
"765",2021-08-14,"Osasuna","Espanol",0,0,"D"
"766",2021-08-15,"Celta","Ath Madrid",1,2,"A"
"767",2021-08-15,"Barcelona","Sociedad",4,2,"H"
"768",2021-08-15,"Sevilla","Vallecano",3,0,"H"
"769",2021-08-16,"Villarreal","Granada",0,0,"D"
"770",2021-08-16,"Elche","Ath Bilbao",0,0,"D"
"771",2021-08-20,"Betis","Cadiz",1,1,"D"
"772",2021-08-21,"Alaves","Mallorca",0,1,"A"
"773",2021-08-21,"Espanol","Villarreal",0,0,"D"
"774",2021-08-21,"Granada","Valencia",1,1,"D"
"775",2021-08-21,"Ath Bilbao","Barcelona",1,1,"D"
"776",2021-08-22,"Sociedad","Vallecano",1,0,"H"
"777",2021-08-22,"Ath Madrid","Elche",1,0,"H"
"778",2021-08-22,"Levante","Real Madrid",3,3,"D"
"779",2021-08-23,"Getafe","Sevilla",0,1,"A"
"780",2021-08-23,"Osasuna","Celta",0,0,"D"
"781",2021-08-27,"Mallorca","Espanol",1,0,"H"
"782",2021-08-27,"Valencia","Alaves",3,0,"H"
"783",2021-08-28,"Celta","Ath Bilbao",0,1,"A"
"784",2021-08-28,"Elche","Sevilla",1,1,"D"
"785",2021-08-28,"Sociedad","Levante",1,0,"H"
"786",2021-08-28,"Betis","Real Madrid",0,1,"A"
"787",2021-08-29,"Barcelona","Getafe",2,1,"H"
"788",2021-08-29,"Cadiz","Osasuna",2,3,"A"
"789",2021-08-29,"Vallecano","Granada",4,0,"H"
"790",2021-08-29,"Ath Madrid","Villarreal",2,2,"D"
"791",2021-09-11,"Levante","Vallecano",1,1,"D"
"792",2021-09-11,"Ath Bilbao","Mallorca",2,0,"H"
"793",2021-09-12,"Espanol","Ath Madrid",1,2,"A"
"794",2021-09-12,"Osasuna","Valencia",1,4,"A"
"795",2021-09-12,"Cadiz","Sociedad",0,2,"A"
"796",2021-09-12,"Real Madrid","Celta",5,2,"H"
"797",2021-09-13,"Getafe","Elche",0,1,"A"
"798",2021-09-13,"Granada","Betis",1,2,"A"
"799",2021-09-17,"Celta","Cadiz",1,2,"A"
"800",2021-09-18,"Vallecano","Getafe",3,0,"H"
"801",2021-09-18,"Ath Madrid","Ath Bilbao",0,0,"D"
"802",2021-09-18,"Elche","Levante",1,1,"D"
"803",2021-09-18,"Alaves","Osasuna",0,2,"A"
"804",2021-09-19,"Mallorca","Villarreal",0,0,"D"
"805",2021-09-19,"Sociedad","Sevilla",0,0,"D"
"806",2021-09-19,"Betis","Espanol",2,2,"D"
"807",2021-09-19,"Valencia","Real Madrid",1,2,"A"
"808",2021-09-20,"Barcelona","Granada",1,1,"D"
"809",2021-09-21,"Getafe","Ath Madrid",1,2,"A"
"810",2021-09-21,"Ath Bilbao","Vallecano",1,2,"A"
"811",2021-09-21,"Levante","Celta",0,2,"A"
"812",2021-09-22,"Espanol","Alaves",1,0,"H"
"813",2021-09-22,"Sevilla","Valencia",3,1,"H"
"814",2021-09-22,"Real Madrid","Mallorca",6,1,"H"
"815",2021-09-22,"Villarreal","Elche",4,1,"H"
"816",2021-09-23,"Granada","Sociedad",2,3,"A"
"817",2021-09-23,"Osasuna","Betis",1,3,"A"
"818",2021-09-23,"Cadiz","Barcelona",0,0,"D"
"819",2021-09-25,"Alaves","Ath Madrid",1,0,"H"
"820",2021-09-25,"Valencia","Ath Bilbao",1,1,"D"
"821",2021-09-25,"Sevilla","Espanol",2,0,"H"
"822",2021-09-25,"Real Madrid","Villarreal",0,0,"D"
"823",2021-09-26,"Mallorca","Osasuna",2,3,"A"
"824",2021-09-26,"Barcelona","Levante",3,0,"H"
"825",2021-09-26,"Sociedad","Elche",1,0,"H"
"826",2021-09-26,"Vallecano","Cadiz",3,1,"H"
"827",2021-09-26,"Betis","Getafe",2,0,"H"
"828",2021-09-27,"Celta","Granada",1,0,"H"
"829",2021-10-01,"Ath Bilbao","Alaves",1,0,"H"
"830",2021-10-02,"Osasuna","Vallecano",1,0,"H"
"831",2021-10-02,"Mallorca","Levante",1,0,"H"
"832",2021-10-02,"Cadiz","Valencia",0,0,"D"
"833",2021-10-02,"Ath Madrid","Barcelona",2,0,"H"
"834",2021-10-03,"Elche","Celta",1,0,"H"
"835",2021-10-03,"Espanol","Real Madrid",2,1,"H"
"836",2021-10-03,"Getafe","Sociedad",1,1,"D"
"837",2021-10-03,"Villarreal","Betis",2,0,"H"
"838",2021-10-03,"Granada","Sevilla",1,0,"H"
"839",2021-10-16,"Levante","Getafe",0,0,"D"
"840",2021-10-16,"Sociedad","Mallorca",1,0,"H"
"841",2021-10-17,"Vallecano","Elche",2,1,"H"
"842",2021-10-17,"Celta","Sevilla",0,1,"A"
"843",2021-10-17,"Villarreal","Osasuna",1,2,"A"
"844",2021-10-17,"Barcelona","Valencia",3,1,"H"
"845",2021-10-18,"Alaves","Betis",0,1,"A"
"846",2021-10-18,"Espanol","Cadiz",2,0,"H"
"847",2021-10-22,"Osasuna","Granada",1,1,"D"
"848",2021-10-23,"Valencia","Mallorca",2,2,"D"
"849",2021-10-23,"Cadiz","Alaves",0,2,"A"
"850",2021-10-23,"Elche","Espanol",2,2,"D"
"851",2021-10-23,"Ath Bilbao","Villarreal",2,1,"H"
"852",2021-10-24,"Sevilla","Levante",5,3,"H"
"853",2021-10-24,"Barcelona","Real Madrid",1,2,"A"
"854",2021-10-24,"Betis","Vallecano",3,2,"H"
"855",2021-10-24,"Ath Madrid","Sociedad",2,2,"D"
"856",2021-10-25,"Getafe","Celta",0,3,"A"
"857",2021-10-26,"Alaves","Elche",1,0,"H"
"858",2021-10-26,"Espanol","Ath Bilbao",1,1,"D"
"859",2021-10-26,"Villarreal","Cadiz",3,3,"D"
"860",2021-10-27,"Mallorca","Sevilla",1,1,"D"
"861",2021-10-27,"Vallecano","Barcelona",1,0,"H"
"862",2021-10-27,"Betis","Valencia",4,1,"H"
"863",2021-10-27,"Real Madrid","Osasuna",0,0,"D"
"864",2021-10-28,"Celta","Sociedad",0,2,"A"
"865",2021-10-28,"Granada","Getafe",1,1,"D"
"866",2021-10-28,"Levante","Ath Madrid",2,2,"D"
"867",2021-10-30,"Elche","Real Madrid",1,2,"A"
"868",2021-10-30,"Sevilla","Osasuna",2,0,"H"
"869",2021-10-30,"Valencia","Villarreal",2,0,"H"
"870",2021-10-30,"Barcelona","Alaves",1,1,"D"
"871",2021-10-31,"Cadiz","Mallorca",1,1,"D"
"872",2021-10-31,"Ath Madrid","Betis",3,0,"H"
"873",2021-10-31,"Getafe","Espanol",2,1,"H"
"874",2021-10-31,"Sociedad","Ath Bilbao",1,1,"D"
"875",2021-11-01,"Vallecano","Celta",0,0,"D"
"876",2021-11-01,"Levante","Granada",0,3,"A"
"877",2021-11-05,"Ath Bilbao","Cadiz",0,1,"A"
"878",2021-11-06,"Espanol","Granada",2,0,"H"
"879",2021-11-06,"Celta","Barcelona",3,3,"D"
"880",2021-11-06,"Alaves","Levante",2,1,"H"
"881",2021-11-06,"Real Madrid","Vallecano",2,1,"H"
"882",2021-11-07,"Villarreal","Getafe",1,0,"H"
"883",2021-11-07,"Valencia","Ath Madrid",3,3,"D"
"884",2021-11-07,"Mallorca","Elche",2,2,"D"
"885",2021-11-07,"Osasuna","Sociedad",0,2,"A"
"886",2021-11-07,"Betis","Sevilla",0,2,"A"
"887",2021-11-19,"Levante","Ath Bilbao",0,0,"D"
"888",2021-11-20,"Celta","Villarreal",1,1,"D"
"889",2021-11-20,"Sevilla","Alaves",2,2,"D"
"890",2021-11-20,"Ath Madrid","Osasuna",1,0,"H"
"891",2021-11-20,"Barcelona","Espanol",1,0,"H"
"892",2021-11-21,"Getafe","Cadiz",4,0,"H"
"893",2021-11-21,"Granada","Real Madrid",1,4,"A"
"894",2021-11-21,"Elche","Betis",0,3,"A"
"895",2021-11-21,"Sociedad","Valencia",0,0,"D"
"896",2021-11-22,"Vallecano","Mallorca",3,1,"H"
"897",2021-11-26,"Ath Bilbao","Granada",2,2,"D"
"898",2021-11-27,"Alaves","Celta",1,2,"A"
"899",2021-11-27,"Valencia","Vallecano",1,1,"D"
"900",2021-11-27,"Mallorca","Getafe",0,0,"D"
"901",2021-11-27,"Villarreal","Barcelona",1,3,"A"
"902",2021-11-28,"Betis","Levante",3,1,"H"
"903",2021-11-28,"Espanol","Sociedad",1,0,"H"
"904",2021-11-28,"Cadiz","Ath Madrid",1,4,"A"
"905",2021-11-28,"Real Madrid","Sevilla",2,1,"H"
"906",2021-11-29,"Osasuna","Elche",1,1,"D"
"907",2021-12-01,"Real Madrid","Ath Bilbao",1,0,"H"
"908",2021-12-03,"Granada","Alaves",2,1,"H"
"909",2021-12-04,"Sevilla","Villarreal",1,0,"H"
"910",2021-12-04,"Barcelona","Betis",0,1,"A"
"911",2021-12-04,"Ath Madrid","Mallorca",1,2,"A"
"912",2021-12-04,"Sociedad","Real Madrid",0,2,"A"
"913",2021-12-05,"Vallecano","Espanol",1,0,"H"
"914",2021-12-05,"Elche","Cadiz",3,1,"H"
"915",2021-12-05,"Levante","Osasuna",0,0,"D"
"916",2021-12-05,"Celta","Valencia",1,2,"A"
"917",2021-12-06,"Getafe","Ath Bilbao",0,0,"D"
"918",2021-12-10,"Mallorca","Celta",0,0,"D"
"919",2021-12-11,"Espanol","Levante",4,3,"H"
"920",2021-12-11,"Alaves","Getafe",1,1,"D"
"921",2021-12-11,"Valencia","Elche",2,1,"H"
"922",2021-12-11,"Ath Bilbao","Sevilla",0,1,"A"
"923",2021-12-12,"Villarreal","Vallecano",2,0,"H"
"924",2021-12-12,"Osasuna","Barcelona",2,2,"D"
"925",2021-12-12,"Betis","Sociedad",4,0,"H"
"926",2021-12-12,"Real Madrid","Ath Madrid",2,0,"H"
"927",2021-12-13,"Cadiz","Granada",1,1,"D"
"928",2021-12-17,"Celta","Espanol",3,1,"H"
"929",2021-12-18,"Vallecano","Alaves",2,0,"H"
"930",2021-12-18,"Sociedad","Villarreal",1,3,"A"
"931",2021-12-18,"Barcelona","Elche",3,2,"H"
"932",2021-12-18,"Sevilla","Ath Madrid",2,1,"H"
"933",2021-12-19,"Granada","Mallorca",4,1,"H"
"934",2021-12-19,"Ath Bilbao","Betis",3,2,"H"
"935",2021-12-19,"Getafe","Osasuna",1,0,"H"
"936",2021-12-19,"Real Madrid","Cadiz",0,0,"D"
"937",2021-12-20,"Levante","Valencia",3,4,"A"
"938",2021-12-21,"Villarreal","Alaves",5,2,"H"
"939",2021-12-21,"Sevilla","Barcelona",1,1,"D"
"940",2021-12-22,"Granada","Ath Madrid",2,1,"H"
"941",2021-12-22,"Ath Bilbao","Real Madrid",1,2,"A"
"942",2021-12-31,"Valencia","Espanol",1,2,"A"
"943",2022-01-02,"Getafe","Real Madrid",1,0,"H"
"944",2022-01-02,"Ath Madrid","Vallecano",2,0,"H"
"945",2022-01-02,"Elche","Granada",0,0,"D"
"946",2022-01-02,"Alaves","Sociedad",1,1,"D"
"947",2022-01-02,"Betis","Celta",0,2,"A"
"948",2022-01-02,"Mallorca","Barcelona",0,1,"A"
"949",2022-01-03,"Villarreal","Levante",5,0,"H"
"950",2022-01-03,"Osasuna","Ath Bilbao",1,3,"A"
"951",2022-01-03,"Cadiz","Sevilla",0,1,"A"
"952",2022-01-08,"Levante","Mallorca",2,0,"H"
"953",2022-01-08,"Sociedad","Celta",1,0,"H"
"954",2022-01-08,"Granada","Barcelona",1,1,"D"
"955",2022-01-08,"Real Madrid","Valencia",4,1,"H"
"956",2022-01-09,"Vallecano","Betis",1,1,"D"
"957",2022-01-09,"Sevilla","Getafe",1,0,"H"
"958",2022-01-09,"Alaves","Ath Bilbao",0,0,"D"
"959",2022-01-09,"Osasuna","Cadiz",2,0,"H"
"960",2022-01-09,"Villarreal","Ath Madrid",2,2,"D"
"961",2022-01-10,"Espanol","Elche",1,2,"A"
"962",2022-01-16,"Elche","Villarreal",1,0,"H"
"963",2022-01-18,"Betis","Alaves",4,0,"H"
"964",2022-01-18,"Cadiz","Espanol",2,2,"D"
"965",2022-01-19,"Celta","Osasuna",2,0,"H"
"966",2022-01-19,"Valencia","Sevilla",1,1,"D"
"967",2022-01-20,"Getafe","Granada",4,2,"H"
"968",2022-01-21,"Espanol","Betis",1,4,"A"
"969",2022-01-22,"Levante","Cadiz",0,2,"A"
"970",2022-01-22,"Villarreal","Mallorca",3,0,"H"
"971",2022-01-22,"Sevilla","Celta",2,2,"D"
"972",2022-01-22,"Ath Madrid","Valencia",3,2,"H"
"973",2022-01-23,"Granada","Osasuna",0,2,"A"
"974",2022-01-23,"Real Madrid","Elche",2,2,"D"
"975",2022-01-23,"Sociedad","Getafe",0,0,"D"
"976",2022-01-23,"Vallecano","Ath Bilbao",0,1,"A"
"977",2022-01-23,"Alaves","Barcelona",0,1,"A"
"978",2022-02-04,"Getafe","Levante",3,0,"H"
"979",2022-02-05,"Elche","Alaves",3,1,"H"
"980",2022-02-05,"Mallorca","Cadiz",2,1,"H"
"981",2022-02-05,"Celta","Vallecano",2,0,"H"
"982",2022-02-05,"Osasuna","Sevilla",0,0,"D"
"983",2022-02-06,"Valencia","Sociedad",0,0,"D"
"984",2022-02-06,"Barcelona","Ath Madrid",4,2,"H"
"985",2022-02-06,"Betis","Villarreal",0,2,"A"
"986",2022-02-06,"Real Madrid","Granada",1,0,"H"
"987",2022-02-07,"Ath Bilbao","Espanol",2,1,"H"
"988",2022-02-11,"Sevilla","Elche",2,0,"H"
"989",2022-02-12,"Cadiz","Celta",0,0,"D"
"990",2022-02-12,"Villarreal","Real Madrid",0,0,"D"
"991",2022-02-12,"Vallecano","Osasuna",0,3,"A"
"992",2022-02-12,"Ath Madrid","Getafe",4,3,"H"
"993",2022-02-13,"Alaves","Valencia",2,1,"H"
"994",2022-02-13,"Levante","Betis",2,4,"A"
"995",2022-02-13,"Sociedad","Granada",2,0,"H"
"996",2022-02-13,"Espanol","Barcelona",2,2,"D"
"997",2022-02-14,"Mallorca","Ath Bilbao",3,2,"H"
"998",2022-02-16,"Ath Madrid","Levante",0,1,"A"
"999",2022-02-18,"Elche","Vallecano",2,1,"H"
"1000",2022-02-19,"Granada","Villarreal",1,4,"A"
"1001",2022-02-19,"Osasuna","Ath Madrid",0,3,"A"
"1002",2022-02-19,"Cadiz","Getafe",1,1,"D"
"1003",2022-02-19,"Real Madrid","Alaves",3,0,"H"
"1004",2022-02-20,"Espanol","Sevilla",1,1,"D"
"1005",2022-02-20,"Valencia","Barcelona",1,4,"A"
"1006",2022-02-20,"Betis","Mallorca",2,1,"H"
"1007",2022-02-20,"Ath Bilbao","Sociedad",4,0,"H"
"1008",2022-02-21,"Celta","Levante",1,1,"D"
"1009",2022-02-25,"Levante","Elche",3,0,"H"
"1010",2022-02-26,"Mallorca","Valencia",0,1,"A"
"1011",2022-02-26,"Getafe","Alaves",2,2,"D"
"1012",2022-02-26,"Vallecano","Real Madrid",0,1,"A"
"1013",2022-02-26,"Ath Madrid","Celta",2,0,"H"
"1014",2022-02-27,"Villarreal","Espanol",5,1,"H"
"1015",2022-02-27,"Sevilla","Betis",2,1,"H"
"1016",2022-02-27,"Sociedad","Osasuna",1,0,"H"
"1017",2022-02-27,"Barcelona","Ath Bilbao",4,0,"H"
"1018",2022-02-28,"Granada","Cadiz",0,0,"D"
"1019",2022-03-02,"Mallorca","Sociedad",0,2,"A"
"1020",2022-03-04,"Alaves","Sevilla",0,0,"D"
"1021",2022-03-05,"Osasuna","Villarreal",1,0,"H"
"1022",2022-03-05,"Espanol","Getafe",2,0,"H"
"1023",2022-03-05,"Valencia","Granada",3,1,"H"
"1024",2022-03-05,"Real Madrid","Sociedad",4,1,"H"
"1025",2022-03-06,"Cadiz","Vallecano",2,0,"H"
"1026",2022-03-06,"Elche","Barcelona",1,2,"A"
"1027",2022-03-06,"Celta","Mallorca",4,3,"H"
"1028",2022-03-06,"Betis","Ath Madrid",1,3,"A"
"1029",2022-03-07,"Ath Bilbao","Levante",3,1,"H"
"1030",2022-03-11,"Ath Madrid","Cadiz",2,1,"H"
"1031",2022-03-12,"Levante","Espanol",1,1,"D"
"1032",2022-03-12,"Granada","Elche",0,1,"A"
"1033",2022-03-12,"Villarreal","Celta",1,0,"H"
"1034",2022-03-12,"Getafe","Valencia",0,0,"D"
"1035",2022-03-13,"Vallecano","Sevilla",1,1,"D"
"1036",2022-03-13,"Betis","Ath Bilbao",1,0,"H"
"1037",2022-03-13,"Sociedad","Alaves",1,0,"H"
"1038",2022-03-13,"Barcelona","Osasuna",4,0,"H"
